Report ID,Report Version,Reporting Entity,Report Type,Report Month,Report Year,Report Submission Date,VIN,VIN - Unknown,Serial Number,Make,Model,Model - Unknown,Model Year,Model Year - Unknown,Same Vehicle ID,Mileage,Mileage - Unknown,Driver / Operator Type,ADAS/ADS System Version,ADAS/ADS System Version - Unk,ADAS/ADS System Version CBI,ADAS/ADS Hardware Version,ADAS/ADS Hardware Version - Unk,ADAS/ADS Hardware Version CBI,ADAS/ADS Software Version,ADAS/ADS Software Version - Unk,ADAS/ADS Software Version CBI,Other Reporting Entities?,Other Reporting Entities? - Unk,Other Reporting Entities? - NA,Federal Regulatory Exemption?,Other Federal Reg. Exemption,Federal Reg. Exemption - Unk,Federal Reg. Exemption - No,State or Local Permit?,State or Local Permit,ADS Equipped?,Automation System Engaged?,Operating Entity,Operating Entity - Unknown,Source - Complaint/Claim,Source - Telematics,Source - Law Enforcement,Source - Field Report,Source - Testing,Source - Media,Source - Other,Source - Other Text,Incident Date,Incident Date - Unknown,Notice Received Date,Incident Time (24:00),Incident Time - Unknown,Same Incident ID,Latitude,Latitude - Unknown,Longitude,Longitude - Unknown,Address,Address - Unknown,City,City - Unknown,State,Zip Code,Zip Code - Unknown,Roadway Type,Roadway Surface,Roadway Description,Posted Speed Limit (MPH),Posted Speed Limit - Unknown,Lighting,Weather - Clear,Weather - Snow,Weather - Cloudy,Weather - Fog/Smoke,Weather - Rain,Weather - Severe Wind,Weather - Unknown,Weather - Other,Weather - Other Text,Crash With,Highest Injury Severity Alleged,Property Damage?,CP Pre-Crash Movement,CP Any Air Bags Deployed?,CP Was Vehicle Towed?,CP Contact Area - Rear Left,CP Contact Area - Left,CP Contact Area - Front Left,CP Contact Area - Rear,CP Contact Area - Top,CP Contact Area - Front,CP Contact Area - Rear Right,CP Contact Area - Right,CP Contact Area - Front Right,CP Contact Area - Bottom,CP Contact Area - Unknown,SV Pre-Crash Movement,SV Any Air Bags Deployed?,SV Was Vehicle Towed?,SV Were All Passengers Belted?,SV Precrash Speed (MPH),SV Pre-crash Speed - Unknown,SV Contact Area - Rear Left,SV Contact Area - Left,SV Contact Area - Front Left,SV Contact Area - Rear,SV Contact Area - Top,SV Contact Area - Front,SV Contact Area - Rear Right,SV Contact Area - Right,SV Contact Area - Front Right,SV Contact Area - Bottom,SV Contact Area - Unknown,Data Availability - EDR,Data Availability - Police Rpt,Data Availability - Telematics,Data Availability - Complaints,Data Availability - Video,Data Availability - Other,Data Availability - No Data,Data Availability - Unknown,Law Enforcement Investigating?,Investigating Agency,Investigating Agency - Unknown,Rep Ent Or Mfr Investigating?,Investigating Officer Name,Inv. Officer Name - Unknown,Investigating Officer Phone,Inv. Officer Phone - Unknown,Investigating Officer Email,Inv. Officer Email - Unknown,Within ODD?,Within ODD? - CBI,Narrative,Narrative - CBI?
30270-10561,1,Waymo LLC,Monthly,4,2025,MAY-2025,SADHW2S16R1, ,N/A,Jaguar,I-PACE, ,2024, ,a73af3aabb5cf29,31294, ,None,5th Generation ADS, , ,5th Generation, , ,Version 9, , ,, ,Y,,, ,Y,No,,Yes,ADS,Waymo LLC, , ,Y, , , , , ,,APR-2025, ,APR-2025,22:41, ,19b3e103282a660,[MAY CONTAIN PERSONALLY IDENTIFIABLE INFORMATION], ,[MAY CONTAIN PERSONALLY IDENTIFIABLE INFORMATION], ,[MAY CONTAIN PERSONALLY IDENTIFIABLE INFORMATION], ,Atlanta, ,GA ,[MAY CONTAIN PERSONALLY IDENTIFIABLE INFORMATION], ,Street,Dry,No Unusual Conditions,25, ,Dark - Lighted,Y, , , , , , , ,,Other Fixed Object,No Injuries Reported,Yes,,,, , , , , , , , , , , ,Proceeding Straight,No,No,No Passengers in Vehicle,5, , , , , , ,Y, , , , , , , ,Y, ,Y,Y, , ,No,, ,Yes,, ,, ,, ,Yes, ,"On April[XXX], 2025 at 10:41 PM ET a Waymo Autonomous Vehicle (""Waymo AV"") operating in Atlanta, Georgia was in a collision involving a traffic control gate arm on [XXX] near [XXX]. 
The Waymo AV was traveling southbound on [XXX] and came to a stop behind a passenger car that had stopped for a closed traffic control gate arm. While the Waymo AV remained stopped, the gate arm rose to allow the passenger car to pass through. After the passenger car had passed through the gate, the Waymo AV began to proceed through the open gate when the gate arm lowered and made contact with the front of the Waymo AV. At the time of the impact, the Waymo AV's Level 4 ADS was engaged in autonomous mode. The Waymo AV sustained damage.
Waymo is reporting this crash under Request No. 2 of Standing General Order 2021-01. Waymo may supplement or correct its reporting with additional information as it may become available.",
30413-9958,1,May Mobility,Monthly,1,2025,FEB-2025,5TDYRKEC2RS, ,N/A,Toyota,Sienna, ,2024, ,c61027d6b726b73,9469, ,In-Vehicle (Commercial / Test),3, , ,5.2, , ,23.1.5, , ,, ,Y,,, ,Y,No,,Yes,ADS,May Mobility, , , , ,Y, , , ,,JAN-2025, ,JAN-2025,09:28, ,f73e7dccf40f38d,[MAY CONTAIN PERSONALLY IDENTIFIABLE INFORMATION], ,[MAY CONTAIN PERSONALLY IDENTIFIABLE INFORMATION], ,[MAY CONTAIN PERSONALLY IDENTIFIABLE INFORMATION], ,Peachtree Corners, ,GA ,[MAY CONTAIN PERSONALLY IDENTIFIABLE INFORMATION], ,Parking Lot,Dry,No Unusual Conditions,,Y,Daylight,Y, , , , , , , ,,Other Fixed Object,No Injuries Reported,Yes,,,, , , , , , , , , , , ,Making Right Turn,No,No,Yes,7, , , , , , , ,Y, , , , , , ,Y, ,Y, , , ,No,, ,No,, ,, ,, ,Yes, ,"A May shuttle began a test shift on experimental software in a parking sub-lot. The vehicle exited the sub-lot and rolled over a curb. The vehicle stopped at a stop sign at the exit of the main lot. As it proceeded to turn onto the main road, it rolled over another curb. Almost immediately after rolling the curb, the vehicle began to drift right in lane, rubbing the vehicle sidewall on a curb. The test driver intervened immediately, but not before the sidewall of the rear right tire was weakened. Later during the drive while under manual control, the sidewall fails, eventually leading to a low pressure indicator illuminating in the dash. It was discovered that the deployment of map files, which must remain compatible, was incomplete, leaving a mismatch in the system. This resulted in the vehicle having an incorrect estimate of where lanes are in the coordinates of our localization map, and as a result, the vehicle had an incorrect estimate of proximity to lane boundaries, resulting in curb strikes.",
30610-9722,1,"Zoox, Inc.",5-Day,,,JAN-2025,5TDDGRFHXKS, ,N/A,Toyota,Highlander, ,2019, ,394fe1d76abad46,52389, ,In-Vehicle (Commercial / Test),329.25.01.14, , ,329.25.01.14, , ,329.25.01.14, , ,, ,Y,,, ,Y,Yes (specify below),NV AVT Permit,Yes,ADS,Zoox, , , , ,Y,Y, , ,,JAN-2025, ,JAN-2025,08:57, ,30ea25a102ed6d6,[MAY CONTAIN PERSONALLY IDENTIFIABLE INFORMATION], ,[MAY CONTAIN PERSONALLY IDENTIFIABLE INFORMATION], ,[MAY CONTAIN PERSONALLY IDENTIFIABLE INFORMATION], ,Paradise, ,NV ,[MAY CONTAIN PERSONALLY IDENTIFIABLE INFORMATION], ,Street,Dry,"Other, see Narrative",30, ,Daylight,Y, , , , , , , ,,Other Fixed Object,No Injuries Reported,Yes,,,, , , , , , , , , , , ,Proceeding Straight,No,Yes,Yes,4, , , ,Y, , ,Y,Y, ,Y, , , , ,Y, ,Y, , , ,Yes,Nevada Highway Patrol, ,No,[MAY CONTAIN PERSONALLY IDENTIFIABLE INFORMATION], ,,Y,,Y,Yes, ,"A Zoox vehicle (Vehicle 1) in autonomous mode was traveling in the right lane on southbound [XXX] approaching [XXX] in Paradise, NV. The Zoox vehicle operator disengaged from autonomy and drove over an in-lane, dislodged manhole cover with the front passenger side tire of the vehicle, causing the manhole cover to rise and strike the passenger side rear wheel and tire. The impact debeaded the tire and fractured the wheel rim. The Zoox vehicle then rotated clockwise, towards the concrete planter on the right side abutting the curb. The Zoox vehicle operator then braked and the front end of the Zoox vehicle made contact with the concrete planter. Besides damage to the passenger side wheel and rim, the Zoox vehicle's front end also sustained damage. The police were called to the scene and there were no reported injuries.",
30291-9651,1,Nuro,Monthly,12,2024,JAN-2025,JTDKAMFU3M3, ,N/A,Toyota,Prius, ,2021, ,4fcba6753fce2bc,24695, ,In-Vehicle (Commercial / Test),Prius2, , ,Prius2, , ,"[REDACTED, MAY CONTAIN CONFIDENTIAL BUSINESS INFORMATION]", ,Y,, ,Y,,, ,Y,No,,Yes,ADS,Nuro Inc., , , , ,Y, , , ,,DEC-2024, ,DEC-2024,13:05, ,773db7d86245192,[MAY CONTAIN PERSONALLY IDENTIFIABLE INFORMATION], ,[MAY CONTAIN PERSONALLY IDENTIFIABLE INFORMATION], ,[MAY CONTAIN PERSONALLY IDENTIFIABLE INFORMATION], ,Houston, ,TX ,[MAY CONTAIN PERSONALLY IDENTIFIABLE INFORMATION], ,Street,Dry,No Unusual Conditions,30, ,Daylight,Y, , , , , , , ,,Other Fixed Object,Minor,No,,,, , , , , , , , , , , ,Making Left Turn,No,No,Yes,9, , ,Y, , , , , , , , , , , , , ,Y, , , ,No,, ,No,, ,, ,, ,Yes, ,"On December [XXX], 2024 in Houston, Texas, a Nuro vehicle operating in manual made contact with a curb. Fifteen seconds prior to the incident, the operator disengaged autonomy in order to make a left turn from a parking lot due into heavy traffic.  While making the turn, the vehicle made contact with a concrete divider curb.  This contact caused some minor scraping damage on the side of the vehicle, but no other property damage or injuries.
Autonomy was not engaged during this incident, and did not cause or affect this incident in any way.",
30531-9244,1,Transdev Alternative Services,5-Day,,,NOV-2024,SADHW2S11M1, ,N/A,Jaguar,I-Pace, ,2021, ,3939a6251560c3b,140129, ,In-Vehicle (Commercial / Test),5th Generation ADS, , ,5th Generation, , ,Version 9, , ,Waymo LLC, , ,,, ,Y,No,,Yes,ADS,Waymo LLC, , ,Y, , , , , ,,NOV-2024, ,NOV-2024,23:04, ,7e4946ffe5ce559,[MAY CONTAIN PERSONALLY IDENTIFIABLE INFORMATION], ,[MAY CONTAIN PERSONALLY IDENTIFIABLE INFORMATION], ,[MAY CONTAIN PERSONALLY IDENTIFIABLE INFORMATION], ,Austin, ,TX ,[MAY CONTAIN PERSONALLY IDENTIFIABLE INFORMATION], ,Parking Lot,Dry,No Unusual Conditions,15, ,Dark - Not Lighted,Y, , , , , , , ,,Other Fixed Object,No Injuries Reported,Yes,,,, , , , , , , , , , , ,Proceeding Straight,No,Yes,Yes,8, , , , , , , , , , ,Y, , , ,Y, ,Y,Y, , ,No,, ,Yes,, ,, ,, ,Yes, ,"On Thursday, November [XXX], 2024 at 11:04 CST, a Waymo Autonomous Vehicle (""Waymo AV"") operating in Austin, Texas was in a collision involving a raised concrete curb in a parking lot on [XXX] near [XXX].
The Waymo AV was proceeding through a parking lot on [XXX] near [XXX] in autonomous mode when it encountered a passenger car parked outside the marked parking spaces occupying a portion of the parking lot apparently intended for ingress and egress from the lot rather than parking.  The AV came to a stop, and shortly thereafter the test driver assumed manual control of the AV.  The test driver reversed slightly and then proceeded through a vacant marked parking space to pass around the parked passenger car, and as the AV crossed through the vacant parking space it made contact with a raised concrete curb.
At the time of the impact, the Waymo AV's Level 4 ADS was not engaged and a test driver was operating the Waymo AV in manual.  This is a duplicate of NHTSA Report ID: 30270-9232-1.",
30270-9232,1,Waymo LLC,5-Day,,,NOV-2024,SADHW2S11M1, ,N/A,Jaguar,I-Pace, ,2021, ,3939a6251560c3b,140129, ,In-Vehicle (Commercial / Test),5th Generation ADS, , ,5th Generation, , ,Version 9, , ,Transdev Alternative Services, , ,,, ,Y,No,,Yes,ADS,Waymo LLC, , ,Y, , , , , ,,NOV-2024, ,NOV-2024,23:04, ,7e4946ffe5ce559,[MAY CONTAIN PERSONALLY IDENTIFIABLE INFORMATION], ,[MAY CONTAIN PERSONALLY IDENTIFIABLE INFORMATION], ,[MAY CONTAIN PERSONALLY IDENTIFIABLE INFORMATION], ,Austin, ,TX ,[MAY CONTAIN PERSONALLY IDENTIFIABLE INFORMATION], ,Parking Lot,Dry,No Unusual Conditions,15, ,Dark - Not Lighted,Y, , , , , , , ,,Other Fixed Object,No Injuries Reported,Yes,,,, , , , , , , , , , , ,Proceeding Straight,No,Yes,Yes,8, , , , , , , , , , ,Y, , , ,Y, ,Y,Y, , ,No,, ,Yes,, ,, ,, ,Yes, ,"On Thursday, November [XXX], 2024 at 11:04 PM CST, a Waymo Autonomous Vehicle (""Waymo AV"") operating in Austin, Texas was in a collision involving a raised concrete curb in a parking lot on [XXX] near [XXX].
The Waymo AV was proceeding through a parking lot on [XXX] near [XXX] in autonomous mode when it encountered a passenger car parked outside the marked parking spaces occupying a portion of the parking lot apparently intended for ingress and egress from the lot rather than parking. The AV came to a stop, and shortly thereafter the test driver assumed manual control AV. The test driver reversed slightly and then proceeded through a vacant marked parking space to pass around the parked passenger car, and as the AV crossed through the vacant parking space it made contact with a raised concrete curb.
At the time of the impact, the Waymo AV's Level 4 ADS was not engaged and a test driver was operating the Waymo AV in manual mode. The Waymo AV sustained damage.
Waymo is reporting this crash under Request No. 1 of Standing General Order 2021-01 because a vehicle involved was towed away. Waymo may supplement or correct its reporting with additional information as it may become available.",
30270-9192,1,Waymo LLC,Monthly,10,2024,NOV-2024,SADHW2S11M1, ,N/A,Jaguar,I-Pace, ,2021, ,942fcba2afe02af,10703, ,None,5th Generation ADS, , ,5th Generation, , ,Version 9, , ,, ,Y,,, ,Y,Yes (specify below),ADOT,Yes,ADS,Waymo LLC, , ,Y, , , , , ,,APR-2024, ,OCT-2024,18:53, ,40a190672b5a3d9,[MAY CONTAIN PERSONALLY IDENTIFIABLE INFORMATION], ,[MAY CONTAIN PERSONALLY IDENTIFIABLE INFORMATION], ,[MAY CONTAIN PERSONALLY IDENTIFIABLE INFORMATION], ,Paradise Valley, ,AZ ,[MAY CONTAIN PERSONALLY IDENTIFIABLE INFORMATION], ,Parking Lot,Dry,No Unusual Conditions,15, ,Daylight,Y, , , , , , , ,,Other Fixed Object,No Injuries Reported,Yes,,,, , , , , , , , , , , ,Proceeding Straight,No,No,No Passengers in Vehicle,5, , , , , , ,Y, , , , , , , ,Y, ,Y,Y, , ,No,, ,Yes,, ,, ,, ,Yes, ,"On April [XXX], 2024 at 6:53 PM MT a Waymo Autonomous Vehicle (""Waymo AV"") operating in Paradise Valley, Arizona was in a collision involving a gate arm in a parking lot on [XXX] near [XXX]. 
The Waymo AV was traveling eastbound on [XXX] and entered a parking lot en route to a pickup located in an area of the parking lot beyond a barrier arm gate. The Waymo AV stopped outside the gate and an SUV then approached the gate from the opposite side and the gate opened. The Waymo AV yielded to the SUV as it exited the gate, then the Waymo AV entered the gate. As the Waymo AV passed through the gate, the gate arm swung downwards and the Waymo AV made contact with the gate arm. At the time of the impact, the Waymo AV's Level 4 ADS was engaged in autonomous mode. Waymo later received notice that the gate sustained damage.
Waymo is reporting this crash under Request No. 2 of Standing General Order 2021-01. Waymo may supplement or correct its reporting with additional information as it may become available.",
30270-9169,1,Waymo LLC,Monthly,10,2024,NOV-2024,SADHW2S10M1, ,N/A,Jaguar,I-Pace, ,2021, ,2bea63531bd865d,66000, ,None,5th Generation ADS, , ,5th Generation, , ,Version 9, , ,, ,Y,,, ,Y,Yes (specify below),ADOT,Yes,ADS,Waymo LLC, , ,Y, , , , , ,,FEB-2024, ,OCT-2024,16:36, ,a0818b37309e9c3,[MAY CONTAIN PERSONALLY IDENTIFIABLE INFORMATION], ,[MAY CONTAIN PERSONALLY IDENTIFIABLE INFORMATION], ,[MAY CONTAIN PERSONALLY IDENTIFIABLE INFORMATION], ,Tempe, ,AZ ,[MAY CONTAIN PERSONALLY IDENTIFIABLE INFORMATION], ,Street,Dry,"Other, see Narrative",35, ,Daylight, , ,Y, , , , , ,,Other Fixed Object,No Injuries Reported,Yes,,,, , , , , , , , , , , ,Proceeding Straight,No,No,No Passengers in Vehicle,12, , , , , , ,Y, , , ,Y, , , ,Y, ,Y,Y, , ,No,, ,Yes,, ,, ,, ,Yes, ,"On February [XXX], 2024 at 4:36 PM MT a Waymo Autonomous Vehicle (""Waymo AV"") operating in Tempe, Arizona was in a collision involving a fence on [XXX] at [XXX].  
The Waymo AV was traveling east on [XXX] in the rightmost lane when it approached a fence that was down partially on the rightmost lane and sidewalk from an abutting construction site. The front of the Waymo AV came in contact with the fence. At the time of the impact, the Waymo AV's Level 4 ADS was engaged in autonomous mode. The fence sustained damage.
Waymo is reporting this crash under Request No. 2 of Standing General Order 2021-01. Waymo may supplement or correct its reporting with additional information as it may become available.",
988-9101,1,PACCAR Incorporated,Monthly,11,2024,NOV-2024,1XKYD49X1PJ, ,N/A,Kenworth,T680, ,2022, ,de1d6e7b03175e6,122330, ,In-Vehicle (Commercial / Test),"[REDACTED, MAY CONTAIN CONFIDENTIAL BUSINESS INFORMATION]", ,Y,Generation 3, , ,Candidate, , ,"Aurora Operations, Inc.", , ,,, ,Y,No,,Yes,ADS,"Kodiak-Robotics, Inc.", , , , , ,Y, , ,,OCT-2024, ,OCT-2024,12:38, ,8563d4571c2a4f2,[MAY CONTAIN PERSONALLY IDENTIFIABLE INFORMATION], ,[MAY CONTAIN PERSONALLY IDENTIFIABLE INFORMATION], ,[MAY CONTAIN PERSONALLY IDENTIFIABLE INFORMATION], ,Gainesville, ,TX ,[MAY CONTAIN PERSONALLY IDENTIFIABLE INFORMATION], ,Highway / Freeway,Dry,Work Zone,65, ,Daylight,Y, , , , , , , ,,Other Fixed Object,No Injuries Reported,Yes,,,, , , , , , , , , , , ,Proceeding Straight,No,No,Yes,52, , , , , , , ,Y, , , , , , ,Y, ,Y, , , ,No,, ,No,, ,, ,, ,Yes, ,"On October [XXX] at 12:38 PM CT, a tractor-trailer encroached into the lane of a Kodiak Driver-equipped autonomous truck traveling southbound through a work zone on [XXX] in Gainesville, Texas. The Kodiak Safety Driver disengaged the system at the time of the encroachment, and proceeded to move to the far right of the lane to avoid the encroaching vehicle. While moving over to the right to make room for the encroaching vehicle, the right rear tires of the Kodiak trucks trailer made contact with a concrete construction barrier. This minor crash occurred approximately 5 seconds after the Kodiak Safety Driver disengaged the self-driving system. No material property damage occurred, just surface abrasion to the tires. There were no injuries reported, and no vehicles were towed from the scene.",
30391-8984,1,Kodiak Robotics,Monthly,10,2024,NOV-2024,1XKYD49X1PJ, ,N/A,Kenworth,T680, ,2022, ,de1d6e7b03175e6,122330, ,In-Vehicle (Commercial / Test),"[REDACTED, MAY CONTAIN CONFIDENTIAL BUSINESS INFORMATION]", ,Y,"[REDACTED, MAY CONTAIN CONFIDENTIAL BUSINESS INFORMATION]", ,Y,"[REDACTED, MAY CONTAIN CONFIDENTIAL BUSINESS INFORMATION]", ,Y,PACCAR Incorporated, , ,,, ,Y,No,,Yes,ADS,"Kodiak Robotics, Inc.", , , , , ,Y, , ,,OCT-2024, ,OCT-2024,12:38, ,8563d4571c2a4f2,[MAY CONTAIN PERSONALLY IDENTIFIABLE INFORMATION], ,[MAY CONTAIN PERSONALLY IDENTIFIABLE INFORMATION], ,[MAY CONTAIN PERSONALLY IDENTIFIABLE INFORMATION], ,Gainesville, ,TX ,[MAY CONTAIN PERSONALLY IDENTIFIABLE INFORMATION], ,Highway / Freeway,Dry,Work Zone,65, ,Daylight,Y, , , , , , , ,,Other Fixed Object,No Injuries Reported,Yes,,,, , , , , , , , , , , ,Proceeding Straight,No,No,Yes,52, , , , , , , ,Y, , , , , , ,Y, ,Y, , , ,No,, ,No,, ,, ,, ,Yes, ,"On October [XXX] at 12:38 PM CT, a tractor-trailer encroached into the lane of a Kodiak Driver-equipped autonomous truck traveling southbound through a work zone on [XXX] in Gainesville, Texas. The Kodiak Safety Driver disengaged the system at the time of the encroachment, and proceeded to move to the far right of the lane to avoid the encroaching vehicle. While moving over to the right to make room for the encroaching vehicle, the right rear tires of the Kodiak trucks trailer made contact with a concrete construction barrier. This minor crash occurred approximately 5 seconds after the Kodiak Safety Driver disengaged the self-driving system.
No material property damage occurred, just surface abrasion to the tires. There were no injuries reported, and no vehicles were towed from the scene.",
33257-8867,1,"VinFast Auto, LLC",Monthly,10,2024,OCT-2024,RLLV1AFA3PH, ,n/a,Vinfast,VF8, ,2023, ,be604973e95bd27,5963, ,Consumer,,Y, ,,Y, ,,Y, ,"VinFast Auto, LLC", , ,,, ,Y,No,,Yes,ADAS,, ,Y, , , , , , ,,SEP-2024, ,SEP-2024,,Y,a8f47357de2a17a,,Y,,Y,[MAY CONTAIN PERSONALLY IDENTIFIABLE INFORMATION], ,Poulsbo, ,WA ,[MAY CONTAIN PERSONALLY IDENTIFIABLE INFORMATION], ,Rural Road,Dry,Missing / Degraded Markings,35, ,Unknown, , , , , , ,Y, ,,Other Fixed Object,No Injuries Reported,Yes,,,, , , , , , , , , , , ,Crossing into Opposing Lane,No,Yes,Yes,,Y, , , , , , , ,Y, , , , , , ,Y, , , , ,No,, ,No,, ,, ,, ,Yes, ,"The customer was traveling on a two lane, country road, which was missing lane markings on the sides of the road - only the middle line was properly marked. The speed limit on the country road is 35MPH. The customer noticed a pothole on the side of the road, swerved towards the middle of the road to avoid it, but the LKA assist engaged and moved the vehicle back in the lane. By doing so, the vehicle ran over the pothole, with both front and back passenger side tires and damaged both wheel and tires in the process. During our investigation, we determined that in this case the LKA worked as intended. The system is designed to prioritize a solid line, and can't detect a pothole, and since the road is very narrow (our estimate is less than 3m per side) the vehicle unfortunately ran over the pothole. LKA/ELK system limitations throughout the industry are similar: the LKA/ELK systems try to keep vehicle inside the lane, to prevent a vehicle from drifting out, and the system can't predict driver intention, for example: Is the driver crossing solid lane intentionally or by accident, is hard to distinguish. Relevant override conditions in this case are:
- Steering wheel speed  200deg/s
- Steering torque  3.5Nm
In our application, the override force is limited by the EU homologation test and therefore, we feel that the vehicle behaved as expected and should have been over-powered by the driver to avoid the pothole, thus eliminating a costly replacement cost of two wheels and tires.",