Report ID,Report Version,Reporting Entity,Report Type,Report Month,Report Year,Report Submission Date,VIN,VIN - Unknown,Serial Number,Make,Model,Model - Unknown,Model Year,Model Year - Unknown,Same Vehicle ID,Mileage,Mileage - Unknown,Driver / Operator Type,ADAS/ADS System Version,ADAS/ADS System Version - Unk,ADAS/ADS System Version CBI,ADAS/ADS Hardware Version,ADAS/ADS Hardware Version - Unk,ADAS/ADS Hardware Version CBI,ADAS/ADS Software Version,ADAS/ADS Software Version - Unk,ADAS/ADS Software Version CBI,Other Reporting Entities?,Other Reporting Entities? - Unk,Other Reporting Entities? - NA,Federal Regulatory Exemption?,Other Federal Reg. Exemption,Federal Reg. Exemption - Unk,Federal Reg. Exemption - No,State or Local Permit?,State or Local Permit,ADS Equipped?,Automation System Engaged?,Operating Entity,Operating Entity - Unknown,Source - Complaint/Claim,Source - Telematics,Source - Law Enforcement,Source - Field Report,Source - Testing,Source - Media,Source - Other,Source - Other Text,Incident Date,Incident Date - Unknown,Notice Received Date,Incident Time (24:00),Incident Time - Unknown,Same Incident ID,Latitude,Latitude - Unknown,Longitude,Longitude - Unknown,Address,Address - Unknown,City,City - Unknown,State,Zip Code,Zip Code - Unknown,Roadway Type,Roadway Surface,Roadway Description,Posted Speed Limit (MPH),Posted Speed Limit - Unknown,Lighting,Weather - Clear,Weather - Snow,Weather - Cloudy,Weather - Fog/Smoke,Weather - Rain,Weather - Severe Wind,Weather - Unknown,Weather - Other,Weather - Other Text,Crash With,Highest Injury Severity Alleged,Property Damage?,CP Pre-Crash Movement,CP Any Air Bags Deployed?,CP Was Vehicle Towed?,CP Contact Area - Rear Left,CP Contact Area - Left,CP Contact Area - Front Left,CP Contact Area - Rear,CP Contact Area - Top,CP Contact Area - Front,CP Contact Area - Rear Right,CP Contact Area - Right,CP Contact Area - Front Right,CP Contact Area - Bottom,CP Contact Area - Unknown,SV Pre-Crash Movement,SV Any Air Bags Deployed?,SV Was Vehicle Towed?,SV Were All Passengers Belted?,SV Precrash Speed (MPH),SV Pre-crash Speed - Unknown,SV Contact Area - Rear Left,SV Contact Area - Left,SV Contact Area - Front Left,SV Contact Area - Rear,SV Contact Area - Top,SV Contact Area - Front,SV Contact Area - Rear Right,SV Contact Area - Right,SV Contact Area - Front Right,SV Contact Area - Bottom,SV Contact Area - Unknown,Data Availability - EDR,Data Availability - Police Rpt,Data Availability - Telematics,Data Availability - Complaints,Data Availability - Video,Data Availability - Other,Data Availability - No Data,Data Availability - Unknown,Law Enforcement Investigating?,Investigating Agency,Investigating Agency - Unknown,Rep Ent Or Mfr Investigating?,Investigating Officer Name,Inv. Officer Name - Unknown,Investigating Officer Phone,Inv. Officer Phone - Unknown,Investigating Officer Email,Inv. Officer Email - Unknown,Within ODD?,Within ODD? - CBI,Narrative,Narrative - CBI?
30410-7276,2,Motional,Update,,,MAR-2024,PFDKB4AE7RF, ,n/a,Hyundai,Ioniq 5, ,2024, ,f1f9bc844488e5d,338, ,In-Vehicle (Commercial / Test),"[REDACTED, MAY CONTAIN CONFIDENTIAL BUSINESS INFORMATION]", ,Y,"[REDACTED, MAY CONTAIN CONFIDENTIAL BUSINESS INFORMATION]", ,Y,"[REDACTED, MAY CONTAIN CONFIDENTIAL BUSINESS INFORMATION]", ,Y,Hyundai Motor America, , ,,, ,Y,Yes (specify below),Nevada,Yes,ADS,Motional, , , , ,Y,Y, , ,,FEB-2024, ,FEB-2024,14:30, ,3ba6e26d74e6f93,[MAY CONTAIN PERSONALLY IDENTIFIABLE INFORMATION], ,[MAY CONTAIN PERSONALLY IDENTIFIABLE INFORMATION], ,[MAY CONTAIN PERSONALLY IDENTIFIABLE INFORMATION], ,Las Vegas, ,NV ,[MAY CONTAIN PERSONALLY IDENTIFIABLE INFORMATION], ,Street,Dry,No Unusual Conditions,35, ,Daylight,Y, , , , , , , ,,Other Fixed Object,No Injuries Reported,No,,,, , , , , , , , , , , ,Changing Lanes,No,No,Yes,15, , , ,Y, , , , , , , , , , , , ,Y, , , ,No,, ,Yes,, ,, ,, ,"[REDACTED, MAY CONTAIN CONFIDENTIAL BUSINESS INFORMATION]",Y,"The Motional vehicle was in autonomous mode, traveling [REDACTED, MAY CONTAIN CONFIDENTIAL BUSINESS INFORMATION], approaching the intersection with the [REDACTED, MAY CONTAIN CONFIDENTIAL BUSINESS INFORMATION]. While moving from the right-most two turn lanes to the left-most turn lane, the front left wheel made contact with a median curb. The safety driver took control of the vehicle and brought it off the curb. There was a minor scuff on the tire, and the vehicle remained driveable. No injuries were reported, and law enforcement was not involved.",Y
669-7320,1,Hyundai Motor America,Monthly,3,2024,MAR-2024,PFDKB4AE7RF, ,N/A,Hyundai,IONIQ 5, ,2024, ,f1f9bc844488e5d,338, ,In-Vehicle (Commercial / Test),"[REDACTED, MAY CONTAIN CONFIDENTIAL BUSINESS INFORMATION]", ,Y,"[REDACTED, MAY CONTAIN CONFIDENTIAL BUSINESS INFORMATION]", ,Y,"[REDACTED, MAY CONTAIN CONFIDENTIAL BUSINESS INFORMATION]", ,Y,Motional, , ,Part 591 Exemption granted by permission letter from NHTSA,, , ,Yes (specify below),NEVADA,Yes,ADS,Motional, , , , ,Y,Y, , ,,FEB-2024, ,FEB-2024,14:30, ,3ba6e26d74e6f93,[MAY CONTAIN PERSONALLY IDENTIFIABLE INFORMATION], ,[MAY CONTAIN PERSONALLY IDENTIFIABLE INFORMATION], ,[MAY CONTAIN PERSONALLY IDENTIFIABLE INFORMATION], ,Las Vegas, ,NV ,[MAY CONTAIN PERSONALLY IDENTIFIABLE INFORMATION], ,Street,Dry,No Unusual Conditions,35, ,Daylight,Y, , , , , , , ,,Other Fixed Object,No Injuries Reported,No,,,, , , , , , , , , , , ,Changing Lanes,No,No,Yes,15, , , ,Y, , , , , , , , , , , , ,Y, , , ,No,, ,Yes,, ,, ,, ,"[REDACTED, MAY CONTAIN CONFIDENTIAL BUSINESS INFORMATION]",Y,"According to the notice received from Motional, the test vehicle was in autonomous mode, traveling [REDACTED, MAY CONTAIN CONFIDENTIAL BUSINESS INFORMATION], approaching the intersection with the [REDACTED, MAY CONTAIN CONFIDENTIAL BUSINESS INFORMATION]. While moving from the rightmost of two turn lanes to the left-most turn lane, the front left wheel made contact with a median curb. The safety driver took control of the vehicle and brought it off the curb. There was a minor scuff on the tire, and the vehicle remained drivable. No injuries were reported, and law enforcement was not involved.",Y
30410-7276,1,Motional,Monthly,2,2024,MAR-2024,PFDKB4AE7RF, ,n/a,Hyundai,Ioniq 5, ,2024, ,f1f9bc844488e5d,338, ,In-Vehicle (Commercial / Test),"[REDACTED, MAY CONTAIN CONFIDENTIAL BUSINESS INFORMATION]", ,Y,"[REDACTED, MAY CONTAIN CONFIDENTIAL BUSINESS INFORMATION]", ,Y,"[REDACTED, MAY CONTAIN CONFIDENTIAL BUSINESS INFORMATION]", ,Y,Hyundai Motor America, , ,Part 591 Exemption granted by permission letter from NHTSA,, , ,Yes (specify below),Nevada,Yes,ADS,Motional, , , , ,Y,Y, , ,,FEB-2024, ,FEB-2024,14:30, ,3ba6e26d74e6f93,[MAY CONTAIN PERSONALLY IDENTIFIABLE INFORMATION], ,[MAY CONTAIN PERSONALLY IDENTIFIABLE INFORMATION], ,[MAY CONTAIN PERSONALLY IDENTIFIABLE INFORMATION], ,Las Vegas, ,NV ,[MAY CONTAIN PERSONALLY IDENTIFIABLE INFORMATION], ,Street,Dry,No Unusual Conditions,35, ,Daylight,Y, , , , , , , ,,Other Fixed Object,No Injuries Reported,No,,,, , , , , , , , , , , ,Changing Lanes,No,No,Yes,15, , , ,Y, , , , , , , , , , , , ,Y, , , ,No,, ,Yes,, ,, ,, ,"[REDACTED, MAY CONTAIN CONFIDENTIAL BUSINESS INFORMATION]",Y,"The Motional vehicle was in autonomous mode, traveling [REDACTED, MAY CONTAIN CONFIDENTIAL BUSINESS INFORMATION], approaching the intersection with the [REDACTED, MAY CONTAIN CONFIDENTIAL BUSINESS INFORMATION]. While moving from the right-most two turn lanes to the left-most turn lane, the front left wheel made contact with a median curb. The safety driver took control of the vehicle and brought it off the curb. There was a minor scuff on the tire, and the vehicle remained driveable. No injuries were reported, and law enforcement was not involved.",Y
30413-6684,1,May Mobility,Monthly,10,2023,NOV-2023,5TDYRKEC9MS, ,N/A,Toyota,Sienna, ,2021, ,1d51bed7f4387da,20960, ,In-Vehicle (Commercial / Test),4, , ,4, , ,4, , ,, ,Y,,, ,Y,Unknown,,Yes,ADS,May Mobility, , , , ,Y, , , ,,OCT-2023, ,OCT-2023,10:03, ,0bb88b017273830,[MAY CONTAIN PERSONALLY IDENTIFIABLE INFORMATION], ,[MAY CONTAIN PERSONALLY IDENTIFIABLE INFORMATION], ,[MAY CONTAIN PERSONALLY IDENTIFIABLE INFORMATION], ,Grand Rapids, ,MN ,[MAY CONTAIN PERSONALLY IDENTIFIABLE INFORMATION], ,Street,Dry,No Unusual Conditions,30, ,Daylight, , ,Y, , , , , ,,Other Fixed Object,No Injuries Reported,No,,,, , , , , , , , , , , ,Proceeding Straight,No,No,Yes,27, , , , , , ,Y, , ,Y, , , , , , ,Y, , , ,No,, ,No,, ,, ,, ,Yes, ,"The May vehicle was traveling eastbound on [XXX] in autonomy. The vehicles internal facing cameras show that the operator started to fall asleep while applying physical input to the steering wheel. The road started to bend to the left. The physical input from the operator was enough to deviate the vehicle from its intended path but not enough to trigger an intervention and take the vehicle out of autonomy. The vehicle, going straight as the road curved, then struck the curb, resulting in minor vehicle damage. Due to the vehicle being off path, the vehicle begins to stop. This occurs as the operator wakes up. The operator was not injured and no third parties were impacted or otherwise affected by the incident. 
The local May Mobility site staff did not notice any signs of fatigue from this operator prior to going out in the vehicle. The operator had responded to audio check-ins from site staff at a regular interval. We are exploring additional risk mitigation options for in-cabin health monitoring, in addition to the existing cameras and radio check-ins.",
540-6188,1,"General Motors, LLC",5-Day,,,AUG-2023,5G3LD1SJ4R7, ,N/A,Cruise,Origin, ,2024, ,659244d6651ee47,291, ,Remote (Commercial / Test),,Y, ,,Y, ,,Y, ,Cruise LLC, , ,FAST Act Exception for testing or evaluation,, , ,No,,Yes,ADS,Cruise LLC, , ,Y, ,Y, , , ,,AUG-2023, ,AUG-2023,00:36, ,991a08adc8d27c7,[MAY CONTAIN PERSONALLY IDENTIFIABLE INFORMATION], ,[MAY CONTAIN PERSONALLY IDENTIFIABLE INFORMATION], ,[MAY CONTAIN PERSONALLY IDENTIFIABLE INFORMATION], ,Austin, ,TX ,[MAY CONTAIN PERSONALLY IDENTIFIABLE INFORMATION], ,Street,Dry,No Unusual Conditions,25, ,Dark - Lighted,Y, , , , , , , ,,Other Fixed Object,No Injuries Reported,Yes,,,, , , , , , , , , , , ,Lane / Road Departure,No,Yes,No Passengers in Vehicle,6, , , ,Y, , ,Y, , , , , ,Y, ,Y, ,Y,Y, , ,Yes,Austin Community College Police Department, ,Yes,[MAY CONTAIN PERSONALLY IDENTIFIABLE INFORMATION], ,,Y,,Y,"Unknown, see Narrative", ,"On August 29, 2023, GM Cruise Holdings LLC (""Cruise"") filed an Incident Report (the ""Report"") under the Second Amended Standing General Order 2021-01, dated April 5, 2023 (the ""Order"") General Motors LLC (GM) manufactured the Cruise-operated motor vehicle involved in the incident summarized in the Incident Report. Because GM is also a Reporting Entity under the Order, GM is submitting a duplicate of the redacted public copy of the Report. GM has selected ""Unknown"" in the ""ADS version"" and ""ODD time"" fields solely to avoid a second submission of nonpublic Cruise CBI GM is in possession of Cruise's responses to these fields, and incorporates Cruise's responses into this submission by reference. GM's submission is based on facts supplied to GM by Cruise. GM has not investigated the alleged incident and currently believes, based on a reasonable inquiry, that it has no independent knowledge of the facts in the Report. (Reference file: 30412-6179-1)",
30412-6179,1,Cruise LLC,5-Day,,,AUG-2023,5G3LD1SJ4R7, ,N/A,Cruise,Origin, ,2024, ,659244d6651ee47,291, ,Remote (Commercial / Test),"[REDACTED, MAY CONTAIN CONFIDENTIAL BUSINESS INFORMATION]", ,Y,"[REDACTED, MAY CONTAIN CONFIDENTIAL BUSINESS INFORMATION]", ,Y,"[REDACTED, MAY CONTAIN CONFIDENTIAL BUSINESS INFORMATION]", ,Y,"General Motors, LLC", , ,FAST Act Exception for testing or evaluation,, , ,No,,Yes,ADS,Cruise LLC, , ,Y, ,Y, , , ,,AUG-2023, ,AUG-2023,00:36, ,991a08adc8d27c7,[MAY CONTAIN PERSONALLY IDENTIFIABLE INFORMATION], ,[MAY CONTAIN PERSONALLY IDENTIFIABLE INFORMATION], ,[MAY CONTAIN PERSONALLY IDENTIFIABLE INFORMATION], ,Austin, ,TX ,[MAY CONTAIN PERSONALLY IDENTIFIABLE INFORMATION], ,Street,Dry,No Unusual Conditions,25, ,Dark - Lighted,Y, , , , , , , ,,Other Fixed Object,No Injuries Reported,Yes,,,, , , , , , , , , , , ,Lane / Road Departure,No,Yes,No Passengers in Vehicle,6, , , ,Y, , ,Y, , , , , ,Y, ,Y, ,Y,Y, , ,Yes,Austin Community College Police Department, ,Yes,[MAY CONTAIN PERSONALLY IDENTIFIABLE INFORMATION], ,,Y,,Y,"[REDACTED, MAY CONTAIN CONFIDENTIAL BUSINESS INFORMATION]",Y,"A Cruise autonomous vehicle (""AV""), operating in driverless autonomous mode, was traveling southbound on [XXX] between [XXX] and [XXX] when it experienced a system fault and achieved a minimal risk condition. A remote assistance advisor attempted to re-engage the AV and shifted the AV out of park. This led the AV to roll toward the side of the road and shortly thereafter come in contact with property adjacent to the roadway. This caused damage to the AV's front left windshield and sensors. Police were called to the scene. There were no reported injuries and the AV was towed. [REDACTED, MAY CONTAIN CONFIDENTIAL BUSINESS INFORMATION]",Y
30610-5224,1,"Zoox, Inc.",Monthly,4,2023,APR-2023,5TDDCRFH7G5, ,N/A,Toyota,Highlander, ,2016, ,95e36aed306c214,97446, ,In-Vehicle (Commercial / Test),112.23.03.17, , ,, , ,, , ,, , ,,, , ,,,Yes,ADS,Zoox, , , , ,Y,Y, , ,,MAR-2023, ,MAR-2023,22:45, ,01fe1096ad10e2c,[MAY CONTAIN PERSONALLY IDENTIFIABLE INFORMATION], ,[MAY CONTAIN PERSONALLY IDENTIFIABLE INFORMATION], ,[MAY CONTAIN PERSONALLY IDENTIFIABLE INFORMATION], ,Paradise, ,NV ,[MAY CONTAIN PERSONALLY IDENTIFIABLE INFORMATION], ,Street,Dry,No Unusual Conditions,25, ,Dark - Unknown Lighting,Y, , , , , , , ,,Other Fixed Object,No Injuries Reported,Yes,,,, , , , , , , , , , , ,Making Right Turn,No,No,Yes,4, , , , , , , , , ,Y, , , , ,Y, ,Y, , , ,No,, ,No,, ,, ,, ,Yes, ,"A Zoox vehicle in autonomous mode was traveling northbound on an access road towards [XXX] in Las Vegas, Nevada, when the driver disengaged for a vehicle in the oncoming lane rounding a tight curve. Approximately eleven seconds after disengaging, the driver proceeded in manual mode making a right turn and struck the curb at low speed. There were no injuries and police were not called.",
30690-4793,1,Robotic Research,Monthly,1,2023,FEB-2023,1L90LL122MT, ,[MAY CONTAIN PERSONALLY IDENTIFIABLE INFORMATION],Local Motors,2.0, ,2018, ,a58d95ed6f929ea,280, ,Consumer,77106, , ,, , ,, , ,, , ,,, , ,,,Yes,ADS,, , , , ,Y, , , ,,JAN-2023, ,JAN-2023,11:01, ,b60e02de2f46f8f,[MAY CONTAIN PERSONALLY IDENTIFIABLE INFORMATION], ,[MAY CONTAIN PERSONALLY IDENTIFIABLE INFORMATION], ,[MAY CONTAIN PERSONALLY IDENTIFIABLE INFORMATION], ,Peachtree Corners, ,GA ,[MAY CONTAIN PERSONALLY IDENTIFIABLE INFORMATION], ,Street,Dry,No Unusual Conditions,30, ,Daylight, , ,Y, , , , , ,,Other Fixed Object,No Injuries Reported,Yes,,,, , , , , , , , , , , ,Proceeding Straight,No,No,Yes,9, , , , , , , , , ,Y, , , , , , ,Y,Y, , ,No,, ,Yes,, ,, ,, ,Yes, ,"On January [XXX], 2023, RRAI received a support request through their Customer Support Portal from Beep, Inc., the owner of the vehicle, regarding their Olli 2.0 vehicle bumping into the curb in Peachtree Corners, GA. At 11:01 am, while running the normal route, the Olli contacted the adjacent curb on the front right side, causing tie rod and cosmetic damage. No one was injured and the only damage was to the vehicle itself. The customer contacted RRAI through the client support portal shortly after the incident. No injuries occurred, there were no passengers besides the safety operator, no other vehicles were involved, and no emergency systems were engaged.
Olli 2.0 (S/N 2-18) is an 8-passenger shuttle that is no longer manufactured. The vehicle manufacturer, Local Motors, dissolved in 2022. Local Motors contracted RRAI to install autonomy kits for several Olli shuttles during the period of 2018 - 2020. RRAI provided some support for initial site deployment and ensured customer safety operators were trained on the autonomy system. Since the Local Motors dissolution in 2022, almost all Olli vehicles have been decommissioned.
To date, we have concluded the following:
1. There were no updates or alterations made by RRAI in the months prior to Jan [XXX]. In previous operations, including the immediately preceding operations on January 20th, 2023, Olli 2-18 ran the route as normal with no anomalies. There were no software updates or other system changes before it was run again on January [XXX], 2023, the date of curb contact.
2. The root cause of the curb contact was a communication error with the HD Map registration module. HD Map registration utilizes real-time lidar and positioning data and compares that to a-priori HD maps stored within the autonomy system. A communication problem occurred between the computer running the map registration software and the computer running the navigation algorithms. The cause for the communication problem has been identified and a fix has been implemented to prevent the issue from happening again (see below).
3. Steering was out of calibration. It was noted through data collection that the steering was out of calibration at time of incident. The autonomy system was attempting to correct this issue, but the vehicular steering system could not achieve the required turn radius. This is a vehicular maintenance concern managed by the customer.
It was determined that the HD map registration issue had not been observed during autonomous operations in the previous four years. The solution to prevent further occurrences includes:
1. Implementing a self-diagnostic routine upon system boot, which ensures the communication connection is established. If the connection is not established, this diagnostic will prevent the vehicle from driving autonomously. 
2. Updating the error checks to ensure that during run time, the vehicle will come to a controlled stop in event of a communication problem.  
3. Working with the customer to recalibrate the steering, and assisting in reviewing customer's vehicle maintenance checks for steering calibration if necessary.
4. Continuing to review data to determine other concerns or improvements.",
30270-4363,2,Waymo LLC,10-Day Update,,,DEC-2022,SADHW2S18M1, ,N/A,Jaguar,I-Pace, ,2021, ,c076b8ec8eaf73f,47130, ,None,5th Generation ADS, , ,, , ,, , ,, , ,,, , ,,,Yes,ADS,Waymo LLC, , ,Y, , , , , ,,DEC-2022, ,DEC-2022,21:05, ,c540122a7151606,[MAY CONTAIN PERSONALLY IDENTIFIABLE INFORMATION], ,[MAY CONTAIN PERSONALLY IDENTIFIABLE INFORMATION], ,[MAY CONTAIN PERSONALLY IDENTIFIABLE INFORMATION], ,Phoenix, ,AZ ,[MAY CONTAIN PERSONALLY IDENTIFIABLE INFORMATION], ,Parking Lot,Wet,No Unusual Conditions,15, ,Dark - Lighted,Y, , , , , , , ,,Other Fixed Object,No Injuries Reported,Yes,,,, , , , , , , , , , , ,Making Right Turn,No,Yes,No Passengers in Vehicle,11, , , ,Y, , ,Y,Y,Y,Y, , , , ,Y, ,Y,Y, , ,No,, ,Yes,, ,, ,, ,Yes, ,"Other than the updated Speed Limit field, the content of this report is unchanged from the initial report submitted on December 5, 2022 [REDACTED, MAY CONTAIN CONFIDENTIAL BUSINESS INFORMATION]. 
On December [XXX], 2022 at 9:05 PM PST a Waymo Autonomous Vehicle (Waymo AV) operating in Phoenix, Arizona was in a collision involving a fixed object in a parking lot on the 4100 block of [XXX]. 
The Waymo AV was traveling southbound in a parking lot on [XXX] when it approached a parking lot barrier arm. The Waymo AV initially slowed for the arm but then proceeded forward, making contact with it and opening it. At the time of the impact, the Waymo AVs Level 4 ADS was engaged in autonomous mode. The Waymo AV sustained damage.
Waymo is reporting this crash under Request No. 1 of Standing General Order 2021-01 because a vehicle involved was towed away. Waymo may supplement or correct its reporting with additional information as it may become available.",
30270-4363,1,Waymo LLC,1-Day,,,DEC-2022,SADHW2S18M1, ,N/A,Jaguar,I-Pace, ,2021, ,c076b8ec8eaf73f,47130, ,None,5th Generation ADS, , ,, , ,, , ,, , ,,, , ,,,Yes,ADS,Waymo LLC, , ,Y, , , , , ,,DEC-2022, ,DEC-2022,21:05, ,c540122a7151606,[MAY CONTAIN PERSONALLY IDENTIFIABLE INFORMATION], ,[MAY CONTAIN PERSONALLY IDENTIFIABLE INFORMATION], ,[MAY CONTAIN PERSONALLY IDENTIFIABLE INFORMATION], ,Phoenix, ,AZ ,[MAY CONTAIN PERSONALLY IDENTIFIABLE INFORMATION], ,Parking Lot,Wet,No Unusual Conditions,,Y,Dark - Lighted,Y, , , , , , , ,,Other Fixed Object,No Injuries Reported,Yes,,,, , , , , , , , , , , ,Making Right Turn,No,Yes,No Passengers in Vehicle,11, , , ,Y, , ,Y,Y,Y,Y, , , , ,Y, ,Y,Y, , ,No,, ,Yes,, ,, ,, ,Yes, ,"On December [XXX], 2022 at 9:05 PM PST a Waymo Autonomous Vehicle (Waymo AV) operating in Phoenix, Arizona was in a collision involving a fixed object in a parking lot on the 4100 block of [XXX]. 
The Waymo AV was traveling southbound in a parking lot on [XXX] when it approached a parking lot barrier arm. The Waymo AV initially slowed for the arm but then proceeded forward, making contact with it and opening it. At the time of the impact, the Waymo AVs Level 4 ADS was engaged in autonomous mode. The Waymo AV sustained damage.
Waymo is reporting this crash under Request No. 1 of Standing General Order 2021-01 because a vehicle involved was towed away. Waymo may supplement or correct its reporting with additional information as it may become available.",