Report ID,Report Version,Reporting Entity,Report Type,Report Month,Report Year,Report Submission Date,VIN,VIN - Unknown,Serial Number,Make,Model,Model - Unknown,Model Year,Model Year - Unknown,Same Vehicle ID,Mileage,Mileage - Unknown,Driver / Operator Type,ADAS/ADS System Version,ADAS/ADS System Version - Unk,ADAS/ADS System Version CBI,ADAS/ADS Hardware Version,ADAS/ADS Hardware Version - Unk,ADAS/ADS Hardware Version CBI,ADAS/ADS Software Version,ADAS/ADS Software Version - Unk,ADAS/ADS Software Version CBI,Other Reporting Entities?,Other Reporting Entities? - Unk,Other Reporting Entities? - NA,Federal Regulatory Exemption?,Other Federal Reg. Exemption,Federal Reg. Exemption - Unk,Federal Reg. Exemption - No,State or Local Permit?,State or Local Permit,ADS Equipped?,Automation System Engaged?,Operating Entity,Operating Entity - Unknown,Source - Complaint/Claim,Source - Telematics,Source - Law Enforcement,Source - Field Report,Source - Testing,Source - Media,Source - Other,Source - Other Text,Incident Date,Incident Date - Unknown,Notice Received Date,Incident Time (24:00),Incident Time - Unknown,Same Incident ID,Latitude,Latitude - Unknown,Longitude,Longitude - Unknown,Address,Address - Unknown,City,City - Unknown,State,Zip Code,Zip Code - Unknown,Roadway Type,Roadway Surface,Roadway Description,Posted Speed Limit (MPH),Posted Speed Limit - Unknown,Lighting,Weather - Clear,Weather - Snow,Weather - Cloudy,Weather - Fog/Smoke,Weather - Rain,Weather - Severe Wind,Weather - Unknown,Weather - Other,Weather - Other Text,Crash With,Highest Injury Severity Alleged,Property Damage?,CP Pre-Crash Movement,CP Any Air Bags Deployed?,CP Was Vehicle Towed?,CP Contact Area - Rear Left,CP Contact Area - Left,CP Contact Area - Front Left,CP Contact Area - Rear,CP Contact Area - Top,CP Contact Area - Front,CP Contact Area - Rear Right,CP Contact Area - Right,CP Contact Area - Front Right,CP Contact Area - Bottom,CP Contact Area - Unknown,SV Pre-Crash Movement,SV Any Air Bags Deployed?,SV Was Vehicle Towed?,SV Were All Passengers Belted?,SV Precrash Speed (MPH),SV Pre-crash Speed - Unknown,SV Contact Area - Rear Left,SV Contact Area - Left,SV Contact Area - Front Left,SV Contact Area - Rear,SV Contact Area - Top,SV Contact Area - Front,SV Contact Area - Rear Right,SV Contact Area - Right,SV Contact Area - Front Right,SV Contact Area - Bottom,SV Contact Area - Unknown,Data Availability - EDR,Data Availability - Police Rpt,Data Availability - Telematics,Data Availability - Complaints,Data Availability - Video,Data Availability - Other,Data Availability - No Data,Data Availability - Unknown,Law Enforcement Investigating?,Investigating Agency,Investigating Agency - Unknown,Rep Ent Or Mfr Investigating?,Investigating Officer Name,Inv. Officer Name - Unknown,Investigating Officer Phone,Inv. Officer Phone - Unknown,Investigating Officer Email,Inv. Officer Email - Unknown,Within ODD?,Within ODD? - CBI,Narrative,Narrative - CBI?
30412-5422,2,Cruise LLC,10-Day Update,,,MAY-2023,5G21A6P04N4, ,N/A,Cruise,AV, ,2022, ,10949bf40e461ed,19560, ,In-Vehicle and Remote (Commercial / Test),"[REDACTED, MAY CONTAIN CONFIDENTIAL BUSINESS INFORMATION]", ,Y,, , ,, , ,, , ,,, , ,,,Yes,ADS,Cruise LLC, , ,Y, ,Y,Y, , ,,MAY-2023, ,MAY-2023,02:44, ,20699d65c5c18d0,[MAY CONTAIN PERSONALLY IDENTIFIABLE INFORMATION], ,[MAY CONTAIN PERSONALLY IDENTIFIABLE INFORMATION], ,[MAY CONTAIN PERSONALLY IDENTIFIABLE INFORMATION], ,San Francisco, ,CA ,[MAY CONTAIN PERSONALLY IDENTIFIABLE INFORMATION], ,Intersection,Dry,No Unusual Conditions,30, ,Dark - Lighted,Y, , , , , , , ,,Other Fixed Object,Minor,Yes,,,, , , , , , , , , , , ,Making Left Turn,No,Yes,Yes,5, , , , , , , , , ,Y, , ,Y, ,Y, ,Y,Y, , ,No,, ,Yes,, ,, ,, ,"[REDACTED, MAY CONTAIN CONFIDENTIAL BUSINESS INFORMATION]",Y,"There are no updates related to this incident since the original submission on May 2, 2023. A Cruise autonomous vehicle (""Cruise AV""), operating in supervised autonomous mode, was at a complete stop in response to a red light on [XXX] at the intersection with [XXX]. The Cruise AV began to make a left turn onto [XXX] after the light turned green. While the Cruise AV was in the intersection completing the turn, the Cruise AV operator disengaged from autonomous into manual mode. After the disengagement, the Cruise AV operator continued straight forward, and shortly thereafter, made contact with the right curb and concrete guardrail on [XXX]. This caused damage to the Cruise AV's front passenger side bumper and front passenger side fascia. The Cruise AV operator reported injuries and the Cruise AV was towed from the incident. [REDACTED, MAY CONTAIN CONFIDENTIAL BUSINESS INFORMATION]",Y
540-5425,1,"General Motors, LLC",1-Day,,,MAY-2023,5G21A6P04N4, ,N/A,Cruise,AV, ,2022, ,10949bf40e461ed,19560, ,In-Vehicle and Remote (Commercial / Test),,Y, ,, , ,, , ,, , ,,, , ,,,Yes,ADS,Cruise LLC, , ,Y, ,Y,Y, , ,,MAY-2023, ,MAY-2023,02:44, ,20699d65c5c18d0,[MAY CONTAIN PERSONALLY IDENTIFIABLE INFORMATION], ,[MAY CONTAIN PERSONALLY IDENTIFIABLE INFORMATION], ,[MAY CONTAIN PERSONALLY IDENTIFIABLE INFORMATION], ,San Francisco, ,CA ,[MAY CONTAIN PERSONALLY IDENTIFIABLE INFORMATION], ,Intersection,Dry,No Unusual Conditions,30, ,Dark - Lighted,Y, , , , , , , ,,Other Fixed Object,Minor,Yes,,,, , , , , , , , , , , ,Making Left Turn,No,Yes,Yes,5, , , , , , , , , ,Y, , ,Y, ,Y, ,Y,Y, , ,No,, ,Yes,, ,, ,, ,"Unknown, see Narrative", ,"On May 2, 2023, GM Cruise Holdings LLC (""Cruise"") filed an Incident Report (the ""Report"") under the Standing General Order 2021-01 dated June 29, 2021 (the ""Order""). General Motors LLC (GM) manufactured the Cruise-operated motor vehicle involved in the incident summarized in the Incident Report. Because GM is also a Reporting Entity under the Order, GM is submitting a duplicate of the redacted public copy of the Report. GM has selected ""Unknown"" in the ""ADS version"" and ""ODD time"" fields solely to avoid a second submission of nonpublic Cruise CBI GM is in possession of Cruise's responses to these fields, and incorporates Cruise's responses into this submission by reference. GM's submission is based on facts supplied to GM by Cruise. GM has not investigated the alleged incident and currently believes, based on a reasonable inquiry, that it has no independent knowledge of the facts in the Report. (Reference file: 30412-5422-1)",
30412-5422,1,Cruise LLC,1-Day,,,MAY-2023,5G21A6P04N4, ,N/A,Cruise,AV, ,2022, ,10949bf40e461ed,19560, ,In-Vehicle and Remote (Commercial / Test),"[REDACTED, MAY CONTAIN CONFIDENTIAL BUSINESS INFORMATION]", ,Y,, , ,, , ,, , ,,, , ,,,Yes,ADS,Cruise LLC, , ,Y, ,Y,Y, , ,,MAY-2023, ,MAY-2023,02:44, ,20699d65c5c18d0,[MAY CONTAIN PERSONALLY IDENTIFIABLE INFORMATION], ,[MAY CONTAIN PERSONALLY IDENTIFIABLE INFORMATION], ,[MAY CONTAIN PERSONALLY IDENTIFIABLE INFORMATION], ,San Francisco, ,CA ,[MAY CONTAIN PERSONALLY IDENTIFIABLE INFORMATION], ,Intersection,Dry,No Unusual Conditions,30, ,Dark - Lighted,Y, , , , , , , ,,Other Fixed Object,Minor,Yes,,,, , , , , , , , , , , ,Making Left Turn,No,Yes,Yes,5, , , , , , , , , ,Y, , ,Y, ,Y, ,Y,Y, , ,No,, ,Yes,, ,, ,, ,"[REDACTED, MAY CONTAIN CONFIDENTIAL BUSINESS INFORMATION]",Y,"A Cruise autonomous vehicle (""Cruise AV""), operating in supervised autonomous mode, was at a complete stop in response to a red light on [XXX] at the intersection with [XXX]. The Cruise AV began to make a left turn onto [XXX] after the light turned green. While the Cruise AV was in the intersection completing the turn, the Cruise AV operator disengaged from autonomous into manual mode. After the disengagement, the Cruise AV operator continued straight forward, and shortly thereafter, made contact with the right curb and concrete guardrail on [XXX]. This caused damage to the Cruise AV's front passenger side bumper and front passenger side fascia. The Cruise AV operator reported injuries and the Cruise AV was towed from the incident. [REDACTED, MAY CONTAIN CONFIDENTIAL BUSINESS INFORMATION]",Y
30270-5318,1,Waymo LLC,Monthly,3,2023,APR-2023,SADHW2S10M1, ,N/A,Jaguar,I-Pace, ,2021, ,efd736cb25da3bf,34727, ,None,5th Generation ADS, , ,, , ,, , ,, , ,,, , ,,,Yes,ADS,Waymo LLC, , ,Y, , , , , ,,MAR-2023, ,MAR-2023,20:26, ,78d780d1f36e0c3,[MAY CONTAIN PERSONALLY IDENTIFIABLE INFORMATION], ,[MAY CONTAIN PERSONALLY IDENTIFIABLE INFORMATION], ,[MAY CONTAIN PERSONALLY IDENTIFIABLE INFORMATION], ,San Francisco, ,CA ,[MAY CONTAIN PERSONALLY IDENTIFIABLE INFORMATION], ,Parking Lot,Dry,No Unusual Conditions,15, ,Dark - Lighted,Y, , , , , , , ,,Other Fixed Object,No Injuries Reported,Yes,,,, , , , , , , , , , , ,Entering Traffic,No,No,Yes,2, , , ,Y, , ,Y, , ,Y, , , , ,Y, ,Y,Y, , ,No,, ,Yes,, ,, ,, ,Yes, ,"On March [XXX], 2023 at 8:27 PM PST a Waymo Autonomous Vehicle (Waymo AV) operating in San Francisco was in a collision involving a fixed object on [XXX] near [XXX].
As the Waymo AV was leaving a parking lot to turn left onto [XXX], the front of the Waymo AV made contact with a chain that was connected between a parking lot road sign and a temporary pole. At the time of the impact, the Waymo AVs Level 4 ADS was engaged in autonomous mode. The road sign fell down due to tension on the chain.
Waymo is reporting this crash under Request No. 2 of Standing General Order 2021-01. Waymo may supplement or correct its reporting with additional information as it may become available.",
30270-5081,1,Waymo LLC,Monthly,2,2023,MAR-2023,SADHW2S15M1, ,N/A,Jaguar,I-Pace, ,2021, ,e1d17d1b67dae98,46863, ,None,5th Generation ADS, , ,, , ,, , ,, , ,,, , ,,,Yes,ADS,Waymo LLC, , ,Y, , , , , ,,FEB-2023, ,FEB-2023,05:44, ,2cf58371e227f1a,[MAY CONTAIN PERSONALLY IDENTIFIABLE INFORMATION], ,[MAY CONTAIN PERSONALLY IDENTIFIABLE INFORMATION], ,[MAY CONTAIN PERSONALLY IDENTIFIABLE INFORMATION], ,San Francisco, ,CA ,[MAY CONTAIN PERSONALLY IDENTIFIABLE INFORMATION], ,Intersection,Dry,No Unusual Conditions,25, ,Dark - Lighted,Y, , , , , , , ,,Other Fixed Object,No Injuries Reported,No,,,, , , , , , , , , , , ,Proceeding Straight,No,No,No Passengers in Vehicle,12, , , , , , ,Y, , , , , , , ,Y, ,Y,Y, , ,No,, ,Yes,, ,, ,, ,Yes, ,"On February [XXX], 2023 at 5:43 AM PST a Waymo Autonomous Vehicle (""Waymo AV"") operating in San Francisco, California was in a collision involving road debris on [XXX] at [XXX].
The Waymo AV was proceeding East on [XXX] through the intersection with [XXX] when the front of the Waymo AV made contact with cardboard debris. At the time of the impact, the Waymo AV's Level 4 ADS was engaged in autonomous mode. The Waymo AV sustained damage. 
Waymo is reporting this crash under Request No. 2 of Standing General Order 2021-01. Waymo may supplement or correct its reporting with additional information as it may become available.",
30711-1759,3,Pony.ai,Update,,,DEC-2021,KM8K23AG3MU, ,N/A,Hyundai,Kona EV, ,2021, ,68822f2575e302d,2550, ,In-Vehicle and Remote (Commercial / Test),L4, , ,, , ,, , ,, , ,,, , ,,,Yes,ADS,Pony.ai, , , , , ,Y, , ,,OCT-2021, ,OCT-2021,10:50, ,aeb0ef282584e35,[MAY CONTAIN PERSONALLY IDENTIFIABLE INFORMATION], ,[MAY CONTAIN PERSONALLY IDENTIFIABLE INFORMATION], ,[MAY CONTAIN PERSONALLY IDENTIFIABLE INFORMATION], ,Fremont, ,CA ,[MAY CONTAIN PERSONALLY IDENTIFIABLE INFORMATION], ,Street,Dry,No Unusual Conditions,40, ,Daylight,Y, , , , , , , ,,Other Fixed Object,No Injuries Reported,Yes,,,, , , , , , , , , , , ,Changing Lanes,No,Yes,Yes,35, , , , , , ,Y, , , ,Y, ,Y, ,Y, ,Y, , , ,No,, ,Yes,, ,, ,, ,Yes, ,"CONTEXT AND HISTORY FOR THIS ""OTHER"" UPDATED REPORT: Pony.ai originally submitted a monthly report on November [XXX], 2021, and an amended and corrected report on November [XXX], 2021.  As required by the SGO, Pony.ai submitted a ""10-day"" update to the amended report on November [XXX], 2021. Subsequently, in a November [XXX], 2021 meeting with NHTSA, Pony.ai presented a full report regarding the crash and material facts and circumstances to a number of NHTSA officials, and answered the agency's questions. This supplemental ""Other"" Report is intended only to provide two minor technical corrections to Pony.ai's prior reports, in order to ensure the details of the written reports, as revised, are accurate. This is not a ""1-Day"", ""Monthly"" or ""Monthly-No Incidents"" Report. To facilitate a clear record, this ""Other"" Updated Report reproduces verbatim the narrative descriptions from the prior reports concerning this incident. 
UNEDITED NARRATIVE FROM ORIGINAL MONTHLY REPORT (11/[XXX]/21) AND AMENDED REPORT (11/[XXX]/21): On October [XXX], 2021, after turning right onto [XXX] from [XXX], the Pony.ai Autonomous Vehicle (""Pony.ai AV"") performed a left lane change maneuver in autonomous mode (SAE L4). While performing the lane change, the Pony.ai AV came into contact with a center divider on [XXX]. and the traffic sign that was posted on the divider. The Pony.ai AV suffered moderate damage to the front of the vehicle and the undercarriage. There were no injuries and no other vehicles involved. Fremont Police Department were called to report the incident and the damaged street sign. Pony.ai has subsequently worked with local authorities to resolve all issues related to the damaged sign. Please note that the latitude/longitude provided are GPS coordinates of the location address.
UNEDITED ADDITIONAL NARRATIVE FROM 10-DAY UPDATE: NHTSA has requested the Company to debrief the Agency on this incident. That meeting is scheduled for November 30, 2021.  Pony.ai will present a full updated report of the incident to NHTSA at that time and the current status of the Company's investigation.
TECHNICAL CORRECTIONS FOR THIS ""OTHER"" UPDATED REPORT (12/15/2021): Pony.ai provides the following corrections to its prior reports on the incident: (1) The Pony.ai AV did not turn onto [XXX] from [XXX] as first reported. Rather the Pony.ai AV was traveling straight on [XXX] and crossed through an intersection with [XXX] before entering the segment of [XXX] on which it changed lanes and subsequently had a collision; (2) Pony.ai has updated the VIN number of the subject vehicle in the data fields above, as there was one digit that was incorrect in our original reports due to a clerical error.",
30711-1759,2,Pony.ai,10-Day Update,,,NOV-2021,KM8K23AG0MU, ,N/A,Hyundai,Kona EV, ,2021, ,39f3358183a2dbc,2550, ,In-Vehicle and Remote (Commercial / Test),L4, , ,, , ,, , ,, , ,,, , ,,,Yes,ADS,Pony.ai, , , , , ,Y, , ,,OCT-2021, ,OCT-2021,10:50, ,aeb0ef282584e35,[MAY CONTAIN PERSONALLY IDENTIFIABLE INFORMATION], ,[MAY CONTAIN PERSONALLY IDENTIFIABLE INFORMATION], ,[MAY CONTAIN PERSONALLY IDENTIFIABLE INFORMATION], ,Fremont, ,CA ,[MAY CONTAIN PERSONALLY IDENTIFIABLE INFORMATION], ,Street,Dry,No Unusual Conditions,40, ,Daylight,Y, , , , , , , ,,Other Fixed Object,No Injuries Reported,Yes,,,, , , , , , , , , , , ,Changing Lanes,No,Yes,Yes,35, , , , , , ,Y, , , ,Y, ,Y, ,Y, ,Y, , , ,No,, ,Yes,, ,, ,, ,Yes, ,"Pony.ai originally submitted a monthly report on November [XXX], 2021, and an amended and corrected report on November [XXX], 2021. This is intended to serve as the ""10-day"" update to the amended report.  
On October [XXX], 2021, after turning right onto [XXX] from [XXX], the Pony.ai Autonomous Vehicle (""Pony.ai AV"") performed a left lane change maneuver in autonomous mode (SAE L4). While performing the lane change, the Pony.ai AV came into contact with a center divider on [XXX]. and the traffic sign that was posted on the divider. The Pony.ai AV suffered moderate damage to the front of the vehicle and the undercarriage. There were no injuries and no other vehicles involved. Fremont Police Department were called to report the incident and the damaged street sign. Pony.ai has subsequently worked with local authorities to resolve all issues related to the damaged sign. Please note that the latitude/longitude provided are GPS coordinates of the location address.
NHTSA has requested the Company to debrief the Agency on this incident. That meeting is scheduled for November [XXX], 2021.  Pony.ai will present a full updated report of the incident to NHTSA at that time and the current status of the Company's investigation.",
30711-1759,1,Pony.ai,1-Day,,,NOV-2021,KM8K23AG0MU, ,N/A,Hyundai,Kona EV, ,2021, ,39f3358183a2dbc,2550, ,In-Vehicle and Remote (Commercial / Test),L4, , ,, , ,, , ,, , ,,, , ,,,Yes,ADS,Pony.ai, , , , , ,Y, , ,,OCT-2021, ,OCT-2021,10:50, ,aeb0ef282584e35,[MAY CONTAIN PERSONALLY IDENTIFIABLE INFORMATION], ,[MAY CONTAIN PERSONALLY IDENTIFIABLE INFORMATION], ,[MAY CONTAIN PERSONALLY IDENTIFIABLE INFORMATION], ,Fremont, ,CA ,[MAY CONTAIN PERSONALLY IDENTIFIABLE INFORMATION], ,Street,Dry,No Unusual Conditions,40, ,Daylight,Y, , , , , , , ,,Other Fixed Object,No Injuries Reported,Yes,,,, , , , , , , , , , , ,Changing Lanes,No,Yes,Yes,35, , , , , , ,Y, , , ,Y, ,Y, ,Y, ,Y, , , ,No,, ,Yes,, ,, ,, ,Yes, ,"On October [XXX], 2021, after turning right onto [XXX] from [XXX], the Pony.ai Autonomous Vehicle (""Pony.ai AV"") performed a left lane change maneuver in autonomous mode (SAE L4). While performing the lane change, the Pony.ai AV came into contact with a center divider on [XXX]. and the traffic sign that was posted on the divider. The Pony.ai AV suffered moderate damage to the front of the vehicle and the undercarriage. There were no injuries and no other vehicles involved. Fremont Police Department were called to report the incident and the damaged street sign. Pony.ai has subsequently worked with local authorities to resolve all issues related to the damaged sign. Please note that the latitude/longitude provided are GPS coordinates of the location address.",
30711-1624,1,Pony.ai,Monthly,11,2021,NOV-2021,KM8K23AG0MU, ,N/A,Hyundai,Kona/EV, ,2021, ,39f3358183a2dbc,2550, ,In-Vehicle and Remote (Commercial / Test),L4, , ,, , ,, , ,, , ,,, , ,,,Yes,ADS,Pony.ai, , , , , ,Y, , ,,OCT-2021, ,OCT-2021,10:50, ,aeb0ef282584e35,[MAY CONTAIN PERSONALLY IDENTIFIABLE INFORMATION], ,[MAY CONTAIN PERSONALLY IDENTIFIABLE INFORMATION], ,[MAY CONTAIN PERSONALLY IDENTIFIABLE INFORMATION], ,Fremont, ,CA ,[MAY CONTAIN PERSONALLY IDENTIFIABLE INFORMATION], ,Street,Dry,No Unusual Conditions,40, ,Daylight,Y, , , , , , , ,,Other Fixed Object,No Injuries Reported,Yes,,,, , , , , , , , , , , ,Changing Lanes,No,No,Yes,35, , , , , , ,Y, , , ,Y, ,Y, ,Y, ,Y, , , ,No,, ,Yes,, ,, ,, ,Yes, ,"On October [XXX], 2021, after turning right onto [XXX] from [XXX], the Pony.ai Autonomous Vehicle (""Pony.ai AV"") performed a left lane change maneuver in autonomous mode (SAE L4). While performing the lane change, the Pony.ai AV came into contact with a center divider on [XXX]. and the traffic sign that was posted on the divider.  The Pony.ai AV suffered moderate damage to the front of the vehicle and the undercarriage. There were no injuries and no other vehicles involved.  Fremont Police Department were called to report the incident and the damaged street sign.  Pony.ai has subsequently worked with local authorities to resolve all issues related to the damaged sign. Please note that the latitude/longitude provided are GPS coordinates of the location address.",
30590-1482,1,Apple Inc.,Monthly,9,2021,OCT-2021,2T2BGMCA5HC, ,N/A,Lexus,RX 450h, ,2017, ,259ff2c24c048a1,17962, ,In-Vehicle (Commercial / Test),"[REDACTED, MAY CONTAIN CONFIDENTIAL BUSINESS INFORMATION]", ,Y,, , ,, , ,, , ,,, , ,,,Yes,ADS,Apple Inc., , , , , ,Y, , ,,SEP-2021, ,SEP-2021,10:53, ,9b9e8318ed96db6,[MAY CONTAIN PERSONALLY IDENTIFIABLE INFORMATION], ,[MAY CONTAIN PERSONALLY IDENTIFIABLE INFORMATION], ,[MAY CONTAIN PERSONALLY IDENTIFIABLE INFORMATION], ,Sunnyvale, ,CA ,[MAY CONTAIN PERSONALLY IDENTIFIABLE INFORMATION], ,Intersection,Dry,No Unusual Conditions,45, ,Daylight, , ,Y, , , , , ,,Other Fixed Object,No Injuries Reported,Yes,,,, , , , , , , , , , , ,Making Right Turn,No,No,Yes,13, , , , , , , , ,Y, , , , , ,Y, ,Y,Y, , ,No,, ,Yes,, ,, ,, ,Yes, ,"Subject vehicle was on a testing mission in Sunnyvale, CA.  The vehicle was traveling South-bound on [XXX], an eight-lane divided road, operated by the vehicles Level 4 Automated Driving System and supervised by a safety driver in the drivers designated seating position, and with a safety operator in the front passenger seating position.  Subject vehicle moved to the right of the lane to turn right onto West-bound [XXX], a two-lane road, and made contact with a curb at approximately 13-miles per hour.  The safety driver was monitoring the behavior of a vehicle passing in the left lane for signs that it might enter subject vehicles path and did not see subject vehicle moving toward the curb in time to intervene and avoid contact.  During the incident, the safety driver disengaged the Automated Driving System, and then pulled the vehicle to the side of [XXX] and inspected the vehicle and curb for damage.  After the inspection, the safety driver drove the vehicle back to base with the Automated Driving System disengaged.  Subject vehicle did not sustain tire or wheel damage, but the contact resulted in misalignment.  No other agents were involved, no injuries were reported, and law enforcement was not called to the scene. Post-Crash Information: In addition to telematics and video, we also have photographs of the tires, curb, and alignment calibration information.                                                                                                 ",